[
  {
    "op": "add",
    "path": "/8",
    "value": {
      "ingredientPattern": "H\tS",
      "ingredients": {
        "H": {
          "type": "item",
          "code": "hammer-*",
          "isTool": true
        },
        "S": {
          "type": "item",
          "code": "arrowhead-copper"
        }
      },
      "width": 1,
      "height": 2,
      "output": {
        "type": "item",
        "code": "nugget-nativecopper",
        "quantity": 1
      }
    },
    "file": "recipes/grid/nuggets.json"
  }
]